source_id,Citation,PublicationTypee,PublicationYear,TemporalPeriod,method,method 2,Location,Country,Latitude,Longitude,Hex_Code,Ecoregion_ID,Ecoregion_Description,n_Scat,n_stomach,n_intestine,n_Observation,human-influenced diet,seasonality,data_level,data_extracted,language,time_to_access_days,access_method,notes,Author_contact
Ackerson and Harveson 2006,"Ackerson BK, Harveson LA. Characteristics of a ringtail (Bassariscus astutus) population in Trans Pecos, Texas. Texas Journal of Science. 2006;58(2):169-84.",Management Research,2006,2000s,fresh scat,scat,"Elephant Mountain WMA, Brewster County, Texas, USA",USA,30.03517601,-103.5637997,#1B2FE7,10.2,Warm Deserts,67,n/a,n/a,n/a,,yes,,yes,english,0,GALE,,
Alexander et al. 1994,"Alexander LF, Verts BJ, Farrell TP. Diet of ringtails (Bassariscus astutus) in Oregon. Northwestern Naturalist. 1994 Dec 1;75(3):97-101.",Society,1994,1970s - 1990s ,fresh scat,scat,"Myrtle Creek Drainage, Douglas County, Oregon, USA",USA,43.023333,-123.283611,#8E4C3E,6.2,Western Cordillera,56,n/a,n/a,n/a,,yes,,yes,english,0,JSTOR,,
Allen 2013,Allen ML. Scavenging of a striped skunk (Mephitis mephitis) by a ringtail (Bassariscus astutus) in northern California. Northwestern Naturalist. 2013 Apr 1;94(1):79-81.,Society,2013,2000s,camera trap,observation,"along Highway 162, Mendocino National Forest, near the town of Elk Creek, California, USA",USA,39.619017,-122.527538,#F29BE7,11.1,Mediterranean California,n/a,n/a,n/a,2,,,,yes,english,0,JSTOR,,
Allen et al. 2015,"Allen ML, Elbroch LM, Wilmers CC, Wittmer HU. The comparative effects of large carnivores on the acquisition of carrion by scavengers. The American Naturalist. 2015 Jun 1;185(6):822-33.",Society,2015,2000s,camera trap,observation,"Mendocino National Forest, California, USA",USA,39.63254151,-122.8251929,#F29BE7,6.2,Western Cordillera,n/a,n/a,n/a,13,,,,yes,english,0,JSTOR,,
Allen et al. 2016,"Allen ML, Wilmers CC, Elbroch LM, Golla JM, Wittmer HU. The importance of motivation, weapons, and foul odors in driving encounter competition in carnivores. Ecology. 2016 Aug;97(8):1905-12",Society,2016,2000s,camera trap,observation,"Mendocino National Forest, California, USA",USA,39.63254151,-122.8251929,#F29BE7,6.2,Western Cordillera,n/a,n/a,n/a,3,,,,yes,english,0,JSTOR,,
Bailey 1928,"Bailey, V. 1928. Animal life of the Carlsbad Cavern. Monographs of the American Society of Mammalogists 3:1–192.",Society,1928,1920s - 1940s,observation,observation,"Carlsbad Caverns National Park, New Mexico, USA",USA,32.12539812,-104.5649045,#FF5B5B,13.1,Upper Gila Mountains,unclear,n/a,n/a,unclear,,,,yes,english,0,Biodiversity Heritage Library,,
Bradley & Hansen 1965,"Bradley WG, Hansen CG. Observations on the distribution of the ring-tailed cat in southern Nevada. The Southwestern Naturalist. 1965 Nov 15;10(4):310-1.",Society,1965,1950s - 1960s ,observation,observation,"Basin Spring in the Spring Range, Nevada, USA",USA,40.64541749,-115.5310456,#FF8F00,10.1,Cold Deserts,n/a,n/a,n/a,1,,,,yes,english,0,JSTOR,,
Burns 1961,"Burns RD. Recent Additions to the Mammal Collection of the Stovall Museum. InProceedings of the Oklahoma Academy of Science 1961 Feb 5 (Vol. 41, pp. 70-72).",Faunal Survey,1961,1950s - 1960s ,roadkill collection,organ,"State Highway 9 about five miles west of Norman in McClain County, Oklahoma",USA,35.19541433,-97.59889125,#2AAC47,9.4,South Central Semi-Arid Prairies,n/a,1,n/a,n/a,,,,yes,english,0,University Library,,
Calderón Vega 2002,"Calderón Vega, J. I. 2002. Hábitos Alimentarios del Babisuri Bassariscus astutus saxiola (Carnívora: Procyonidae), en la Isla Espíritu Santo, Baja California Sur México. Tesis de Maestría en Ciencias (Biología Animal). Facultad de Ciencias, UNAM. México. 114  pp.",Collegiate Research,2002,2000s,fresh scat,scat,"Isla Espíritu Santo,  Baja California Sur, Mexico",Mexico,24.47995833,-110.3388801,#1B2FE7,10.2,Warm Deserts,974,n/a,n/a,n/a,yes,,,yes,spanish,0,University Library,124 latrines included in count; need a spanish speaker to confirm,
Castellanos Morales et al. 2008,"Castellanos Morales GC, Peña NG, List R. Uso de recursos del cacomixtle,  Bassariscus astutus, y la zoora gris, Urocyon cinereoargenteus, en una reserva urbana de la Ciudad de Mexico. Avances. 377.",Collegiate Research,2008,2000s,fresh scat,scat,"Reserva Ecológica del Pedregalde San Ángel de Ciudad Universitaria, México, D.F. ",Mexico,19.31575376,-99.17667255,#76C0EE,13.4,Transversal Neo-Volcanic System,52,n/a,n/a,n/a,yes,,,yes,spanish,0,Author Link,,
Castellanos Morales et al. 2009,"Castellanos Morales GC, Peña NG, List R. Ecología del cacomixtle (Bassariscus astutus) y la zorra gris (Urocyon cinereoargenteus). Historia natural y ecología de poblaciones",Collegiate Research,2009,2000s,fresh scat,scat,"Core West Zone of Reserva Ecológica del Pedregalde San Ángel de Ciudad Universitaria, México, D.F. ",Mexico,19.31610151,-99.19390278,#76C0EE,13.4,Transversal Neo-Volcanic System,unclear,n/a,n/a,n/a,,,,yes,spanish,0,University Library,caught 11 ringtails,
Chavez-Ramirez & Slack 1993,"Chavez-Ramirez F, Slack RD. Carnivore fruit-use and seed dispersal of two selected plant species of the Edwards Plateau, Texas. The Southwestern Naturalist. 1993 Jun 1:141-5.",Society,1993,1970s - 1990s ,fresh scat,scat,"Edwards Plateua, Texas, USA",USA,31.01386103,-101.001394,#2AAC47,9.4,South Central Semi-Arid Prairies,10,n/a,n/a,n/a,,,,yes,english,0,JSTOR,,
Cisneros-Moreno & Martínez-Corone 2019,"Cisneros-Moreno C, Martínez-Coronel M. Alimentación del cacomixtle (Bassariscus astutus) en un ambiente urbano y uno agrícola en los valles centrales de Oaxaca. Revista Mexicana de Mastozoología (Nueva Época). 2019 Jul 25;9(1):31-43.",Collegiate Research,2019,2000s,fresh scat,scat,"Central Valleys of Oaxaca, Mexico",Mexico,17.045,-96.7669,#995FDC,14.4,Interior Depressions,139,n/a,n/a,n/a,yes,,,yes,spanish,0,University Library,,
Davis 1960,Davis WB. 1960. The mammals of Texas. Texas Game and Fish Comm. Bull. 41:1-252,Faunal Survey,1960,1950s - 1960s ,whole specimens,organ,"Central Texas, USA",USA,30.2855,-97.6654,#2AAC47,9.4,South Central Semi-Arid Prairies,n/a,100,n/a,n/a,,,,yes,english,1,Interlibrary Loan,,
Gonzalez 1982,"González FN. Estudios preliminares sobre el cacomixtle Bassariscus astutus, en el municipio de Agualeguas, Nuevo León (Doctoral dissertation, Tesis, Universidad Autónoma de Nuevo León, Monterrey)",Collegiate Research,1982,1970s - 1990s ,fresh scat; whole specimens,combination,"Agualeguas, Nuevo León, Mexico",Mexico,26.3096422,-99.5474524,#BDBCD9,9.6,Tamaulipas-Texas Semiarid Plain,74,10,n/a,n/a,yes,yes,summary,yes,spanish,10,Interlibrary Loan,caught 10 ringtails. Diet items are pooled across stomachs and scats.,fernando.gonzalezsd@uanl.edu.mx
Grinnell et al. 1937,"Grinnell J, Dixon JS, Linsdale JM. Fur-bearing mammals of California: their natural history, systematic status and relations to man. 1937. University of California, Berkeley",Faunal Survey,1937,1920s - 1940s,observation,observation,"northwestern California, USA",USA,40.97971221,-123.0519442,#8E4C3E,6.2,Western Cordillera,n/a,n/a,n/a,unclear,,,,yes,english,9,Interlibrary Loan,,
Harrison 2012,"Harrison RL. Ringtail (Bassariscus astutus) ecology and behavior in central New Mexico, USA. Western North American Naturalist. 2012 Dec;72(4):495-506.",Society,2012,2000s,fresh scat,combination,"Sevilleta  National  Wildlife  Refuge, New Mexico, USA",USA,34.34068139,-106.9720898,#FF5B5B,10.1,Cold Deserts,314,n/a,n/a,n/a,,,,yes,english,0,BioOne,,
Koch & Brody 1981,"Koch D, Brody A. 1981. Investigation of the ringtail (Bassariscus astutus) in a portion of the Geysers-Calistoga known geothermal resource area. California Energy Commission.",Management Report,1981,1970s - 1990s ,fresh scat,scat,"The Geysers - Calistoga Known Geothermal Resource Area, California, USA",USA,38.77588333,-122.7553926,#F29BE7,11.1,Mediterranean California,41,n/a,n/a,n/a,,,,yes,english,4,Interlibrary Loan,,
Kuban and Schwartz 1985,"Kuban JF, Schwartz GG. Nectar as a Diet Item of the Ringtailed Cat. The Southwestern Naturalist. 1985 May 31;30(2):311-2.",Society,1985,1970s - 1990s ,observation,observation,"Basis of Chisos Mountains, Big Bend National Park, Texas, USA",USA,29.25,-103.3,#1B2FE7,10.2,Warm Deserts,n/a,n/a,n/a,1,,,,yes,english,0,JSTOR,,
Lambert & Demarais 2001,"Lambert BC, Demarais S. Use of supplemental feed for ungulates by non-target species. The Southwestern Naturalist. 2001 Mar 1;46(1):118-21",Society,2001,2000s,observation,observation,"3 ranches, Kerr and Bandera County, Texas, USA",USA,29.977789,-99.38888867,#2AAC47,9.4,South Central Semi-Arid Prairies,n/a,n/a,n/a,few,yes,,,yes,english,0,JSTOR,location calculated as average of three gps points provided ,
Layton 1973,"Layton DR. An ecological study of the rock squirrel, Spermophilus variegatus, in Brewster County, Texas. Thesis. Sul Ross State University.",Collegiate Research,1973,1970s - 1990s ,fresh scat,scat,"Woodward Ranch and King Terry Ranch, Brewster County, Texas, USA",USA,30.167879,-103.5975873,#1B2FE7,10.2,Warm Deserts,20,n/a,n/a,n/a,no,no,summary,yes,english,6,Interlibrary Loan,microfilm delevired from library,
Lemoine 1977,"Lemoine, J., 1977. Some aspects of ecology and behavior of ringtails (Bassariscus astutus) in St. Helena. Thesis.  Antioch College.",Collegiate Research,1977,1970s - 1990s ,fresh scat; observation,combination,"Sugar Loaf, Napa County, California, USA",USA,38.556691,-122.536495,#F29BE7,11.1,Mediterranean California,26,n/a,n/a,several,,,,yes,english,7,Interlibrary Loan,,
Martin et al. 1961,"Martin AC, Zim HS, Nelson AL. American wildlife & plants: a guide to wildlife food habits: the use of trees, shrubs, weeds, and herbs by birds and mammals of the United States. Courier Corporation; 1961.",Faunal Survey,1951,1950s - 1960s ,whole specimens,organ,"Texas, USA",USA,31,-100,#2AAC47,9.4,South Central Semi-Arid Prairies,n/a,252,n/a,n/a,no,yes,summary,yes,english,0,UGA Hardcopy,republished of original from 1951; This is likely a repeat of Taylor 1954. We need to confirm this. ,
Mead & van Devender 1981,"Mead JI, Van Devender TR. Late Holocene diet of Bassariscus astutus in the Grand Canyon, Arizona. Journal of Mammalogy. 1981 May 1;62(2):439-42.",Society,1981,1970s - 1990s ,fossilized scat,scat,"Vulture Cave, Grand Canyon National Park, Arizona, USA",USA,36.02799672,-113.9815428,#1B2FE7,10.2,Warm Deserts,540,n/a,n/a,n/a,,,,yes,english,0,JSTOR,,
Mead et al. 2006,"Mead JI, McGinnis TW, Keeley JE. A Mid-Holocene Fauna from Bear Den Cave, Sequoia National Park, California. Bulletin, Southern California Academy of Sciences. 2006 Aug;105(2):43-58.",Society,2006,2000s,fossilized scat,scat,"Sequoia National Park, California, USA",USA,36.486366,-118.56575,#8E4C3E,6.2,Western Cordillera,n/a,n/a,n/a,n/a,,,,yes,english,0,BioOne,,
Morales 1998,"Morales, G. A. (1998) Descripción de la dieta de algunos mamíferos silvestres de la Sierra del Carmen, Estado de México. Tesis de Licenciatura. Facultad de Estudios Superiores Iztacala. UNAM.  Los Reyes Iztacala. Edo de Méx.  39pp",Collegiate Research,1998,1970s - 1990s ,fresh scat,scat,"Parque Nacional Desierto de Carmen, Sierra del Carmen, Estado de Mexico, Mexico",Mexico,18.9171709,-99.55541587,#76C0EE,13.4,Transversal Neo-Volcanic System,118,n/a,n/a,n/a,,,,yes,spanish,0,University Library,,
Nava-Vargas 1994,"Nava-Vargas, V. 1994. Componentes vegetales, en la dieta del cacomixtle Bassariscus astutus Lichtenstein (1830) en un área de matorral xerófilo, Hidalgo, México. Tesis de licenciatura (Biólogo). Facultad de Estudios Superiores Iztacala, UNAM. México. 45  pp.",Collegiate Research,1994,1970s - 1990s ,fresh scat,scat,"Hidalgo, México",Mexico,20.0911,-98.7624,#FFE000,13.4,Transversal Neo-Volcanic System,97,n/a,n/a,n/a,,,,yes,spanish,0,University Library,Need to confirm with spanish speaker; extracted Appendix 3 and 4 ,
Nava-Vargas et al. 1999,"Nava-Vargas, V., J. D. Tejero-Díez y C. B. Chávez-Tapia. 1999. Hábitos alimentarios del cacomixtle Bassariscus astutus (Carnivora: Procyonidae) en un matorral xerófilo de Hidalgo, México. Anales del Instituto de Biología, UNAM. Serie Zoología, 70(1): 51-63.",Collegiate Research,1999,1970s - 1990s ,fresh scat,scat,"ejido de Plan Colorado, Atotonilco El Grande, Hidalgo, México",Mexico,20.4420835,-98.6906945,#FFAEAE,13.3,Eastern Sierra Madres,98,n/a,n/a,n/a,,,,yes,spanish,0,University Library,likely duplicate of Nava-Vargas 1994; location of ,
Navarrete-Ozuna 2011,"Navarrete Ozuna, LA. Hábitos Alimentarios del Cacomixtle Bassariscus astutus (Carnivora: Procyonidae) en Tlazala de Fabela, Estado de México. Thesis. UNAM",Collegiate Research,2011,2000s,fresh scat,scat,"“la palma” localizada en Tlazala de Fabela, Estado de México",Mexico,19.55766006,-99.41657139,#76C0EE,13.4,Transversal Neo-Volcanic System,39,n/a,n/a,n/a,,,,yes,spanish,0,University Library,,
Roadman 2014,"Roadman AA. Ringtail distribution, dermatoglyphics, and diet in Zion National Park, Utah. Thesis. Utah State University.",Collegiate Research,2014,2000s,fresh scat,scat,"Zion National Park, Utah, USA",USA,37.2982,-113.0263,#8E4C3E,9.4,South Central Semi-Arid Prairies,n/a,n/a,n/a,n/a,yes,,,yes,english,0,University Library,,
Rodríguez-Estrella et al. 2000,"Rodríguez-Estrella R, Moreno AR, Tam KG. Spring diet of the endemic ring-tailed cat (Bassariscus astutus insulicola) population on an island in the Gulf of California, Mexico. Journal of Arid Environments. 2000 Feb 1;44(2):241-6.",,2000,2000s,fresh scat,scat,"Isla de San José, ubicada en el Golfo de California, México",Mexico,24.971,-110.6288,#1B2FE7,10.2,Warm Deserts,104,n/a,n/a,n/a,,,,yes,english,0,ScienceDirect,,
Sanchez 2016,"Sánchez S, Eduardo R. Influencia de los recursos antropogénicos en la abundancia y dieta del babisuri (Bassariscus astutus saxicola Merriam, 1897) en el complejo Insular Espíritu Santo, BCS, México.",Collegiate Research,2016,2000s,fresh scat,scat,"Insular Complex, Espiritu Santo, Baja Sur, Mexico",Mexico,24.4675073,-110.4145746,#1B2FE7,10.2,Warm Deserts,167,n/a,n/a,n/a,yes,,,yes,spanish,0,University Library,,
Speir et al. 2021,"Speir S, Willoughby A, Altizer S. Expansion and comparison of ringtail (Bassariscus astutus) diet in Zion National Park. Undergraduate Research Project.",Collegiate Research,2021,2000s,fresh scat,scat,"Zion National Park, Utah, USA",USA,37.2982,-113.0263,#8E4C3E,10.1,Cold Deserts,153,n/a,n/a,n/a,yes,,individual,yes,english,0,Emperical Work,,
Stake & Cimprich 2003,"Stake MM, Cimprich DA. Using video to monitor predation at Black-capped Vireo nests. The Condor. 2003 May 1;105(2):348-57.",Management Research,2003,2000s,camera trap,observation,"Fort Hood, Texas, USA",USA,31.1363,-97.7797,#2AAC47,10.1,Cold Deserts,n/a,n/a,n/a,1,,,,yes,english,0,Open Access,,
Taylor 1954,"Taylor, WP. 1954. Food habits and notes on life history of the ring-tailed cat in Texas. J. Mammal. 35:55-63.",Society,1954,1950s - 1960s ,whole specimens,organ,"Edward's Plateau, Texas, USA",USA,31.0004467,-105.4831081,#1B2FE7,9.4,South Central Semi-Arid Prairies,n/a,175,395,unclear,,,summary,yes,english,0,JSTOR,"175 stomachs, 171 small intestines, 224 colons. Processed at Patuxent Research Site. Shannon X provided digital copies of orignial data.",
Toweill & Treer 1977,Toweill & Treet 1977. Food habits of ringtails in the Edwards Plateau region of Texas. J. Mammal. 58:660-663.,Society,1977,1970s - 1990s ,fresh scat,scat,"Kerr Management Area, Kerr County, Texas, USA",USA,30.0882623,-99.5019952,#2AAC47,10.1,Cold Deserts,182,n/a,n/a,n/a,,,,yes,english,0,JSTOR,,
Trapp 1973,Trapp GR. Comparative behavioral ecology of ringtail and gray fox in southwestern Utah. Carnivore. 1978 Jan 1;1(May):3-2.,Collegiate Research,1973,1970s - 1990s ,fresh scat,scat,"Zion Canyon, Zion National Park, Utah, USA",USA,37.16564446,-113.0120368,#8E4C3E,6.2,Western Cordillera,227,n/a,n/a,n/a,yes,,,yes,english,0,University Library,,
Villanueva 2008,"Villanueva, S. M. G. 2008. Contribución al conocimiento de los hábitos alimentarios  del cacomixtle Bassariscus astutus (Carnivora: Procyonidae), en la Comunidad las Animas, Chapa de Mota, Estado de México.Tesis de licenciatura  (Biólogo). Facultad de Estudios Superiores Iztacala, UNAM. México. 120 pp.",Collegiate Research,2008,2000s,fresh scat,scat,"“Las Ánimas”, of the municipality of Chapa de Mota, State of Mexico",Mexico,19.46619,-99.31889,#76C0EE,13.4,Transversal Neo-Volcanic System,220,n/a,n/a,n/a,,,,yes,spanish,0,Univerisity Library,,
White and Lloyd 1962,"White, CM and GD Lloyd. Predation on peregrines by ringtails. Auk 79:277.",Management Research,1962,1950s - 1960s ,observation,observation,"San Rafell Swell, Emery County, Utah, USA",USA,38.8235985,-110.6861385,#FF8F00,10.1,Cold Deserts,n/a,n/a,n/a,1,,,,yes,english,,,location provided through pers. comm. with the author,
Wood 1954,Wood JE. 1954. Food habits of furbearers of the upland Post Oak Region in Texas. J. Mammal. 35:406-415.,Society,1954,1950s - 1960s ,fresh scat; whole specimens,combination,"Post Oak Woods, eastern Texas, USA",USA,32.64171822,-96.05100672,#2AAC47,8.3,Southeastern USA Plains,19,n/a,10,n/a,,,,yes,english,,,,
Wyatt 1993,"Wyatt DT. Home range size, habitat use, and food habits of ringtails (Bassariscus astutus) in a Central Valley riparian forest, Sutter Co., California (Doctoral dissertation, California State University, Sacramento).",Collegiate Research,1993,1970s - 1990s ,fresh scat,scat,"Abbott Lake Unit of the Feather River Wildlife Area (AbbottLake), Sutter Co.,California, USA",USA,39.02770746,-121.6070568,#F29BE7,11.1,Mediterranean California,172,n/a,n/a,n/a,,,,yes,english,,,,